rank,file,t_sec,score,U,A,D,n_boxes,n_ambiguous,empty,selected
1,frame_0030.jpg,12.0,0.8403,0.852,0.7143,1.0,10,5,False,True
2,frame_0133.jpg,53.2,0.7663,0.704,0.7143,1.0,9,5,False,True
3,frame_0021.jpg,8.4,0.708,0.6732,0.5714,1.0,5,4,False,True
4,frame_0002.jpg,0.8,0.7046,0.752,0.4286,1.0,7,3,False,True
5,frame_0075.jpg,30.0,0.7006,0.6744,0.5714,0.96,9,4,False,True
6,frame_0132.jpg,52.8,0.6999,0.657,0.5714,1.0,8,4,False,False
7,frame_0020.jpg,8.0,0.6974,0.8234,0.2857,1.0,3,2,False,False
8,frame_0291.jpg,116.4,0.6877,0.7822,0.4286,0.84,6,3,False,True
9,frame_0031.jpg,12.4,0.6742,0.5199,0.7143,1.0,11,5,False,False
10,frame_0388.jpg,155.2,0.6741,0.77,0.8571,0.16,9,6,False,True
11,frame_0386.jpg,154.4,0.6716,0.8186,0.7143,0.24,14,5,False,False
12,frame_0074.jpg,29.6,0.6607,0.6642,0.4286,1.0,9,3,False,False
13,frame_0016.jpg,6.4,0.6587,0.6602,0.4286,1.0,5,3,False,True
14,frame_0077.jpg,30.8,0.6522,0.6953,0.4286,0.88,9,3,False,False
15,frame_0307.jpg,122.8,0.6437,0.6074,1.0,0.2,10,7,False,True
16,frame_0176.jpg,70.4,0.6403,0.8418,0.5714,0.24,7,4,False,True
17,frame_0387.jpg,154.8,0.6402,0.8576,0.5714,0.2,12,4,False,False
18,frame_0124.jpg,49.6,0.6377,0.6606,0.5714,0.68,6,4,False,True
19,frame_0073.jpg,29.2,0.6367,0.6162,0.4286,1.0,7,3,False,False
20,frame_0319.jpg,127.6,0.6324,0.7242,0.7143,0.28,9,5,False,True
21,frame_0013.jpg,5.2,0.6314,0.6913,0.2857,1.0,4,2,False,False
22,frame_0114.jpg,45.6,0.6307,0.8066,0.5714,0.28,6,4,False,False
23,frame_0033.jpg,13.2,0.6231,0.6748,0.2857,1.0,11,2,False,False
24,frame_0175.jpg,70.0,0.6206,0.872,0.4286,0.28,8,3,False,False
25,frame_0086.jpg,34.4,0.6189,0.687,0.5714,0.52,5,4,False,False
26,frame_0067.jpg,26.8,0.618,0.6645,0.2857,1.0,11,2,False,False
27,frame_0005.jpg,2.0,0.6132,0.655,0.2857,1.0,6,2,False,False
28,frame_0078.jpg,31.2,0.6125,0.7175,0.2857,0.84,10,2,False,False
29,frame_0370.jpg,148.0,0.6112,0.6922,0.8571,0.04,9,6,False,False
30,frame_0328.jpg,131.2,0.5997,0.7389,0.7143,0.08,11,5,False,False
31,frame_0069.jpg,27.6,0.5982,0.5393,0.4286,1.0,6,3,False,False
32,frame_0080.jpg,32.0,0.597,0.5471,0.5714,0.76,7,4,False,False
33,frame_0379.jpg,151.6,0.5926,0.7406,0.7143,0.04,12,5,False,False
34,frame_0305.jpg,122.0,0.592,0.8149,0.4286,0.28,9,3,False,False
35,frame_0128.jpg,51.2,0.5896,0.7574,0.1429,0.84,9,1,False,False
36,frame_0009.jpg,3.6,0.5882,0.6907,0.1429,1.0,3,1,False,False
37,frame_0378.jpg,151.2,0.585,0.7952,0.5714,0.08,12,4,False,False
38,frame_0377.jpg,150.8,0.5847,0.6929,0.7143,0.12,11,5,False,False
39,frame_0072.jpg,28.8,0.5796,0.5878,0.2857,1.0,9,2,False,False
40,frame_0288.jpg,115.2,0.5767,0.6083,0.4286,0.72,7,3,False,False
41,frame_0012.jpg,4.8,0.576,0.5806,0.2857,1.0,4,2,False,False
42,frame_0089.jpg,35.6,0.575,0.6471,0.5714,0.4,8,4,False,False
43,frame_0011.jpg,4.4,0.572,0.5725,0.2857,1.0,4,2,False,False
44,frame_0126.jpg,50.4,0.5702,0.5793,0.4286,0.76,10,3,False,False
45,frame_0274.jpg,109.6,0.5686,0.816,0.4286,0.16,9,3,False,False
46,frame_0296.jpg,118.4,0.5675,0.6218,0.4286,0.64,6,3,False,False
47,frame_0391.jpg,156.4,0.5674,0.7759,0.5714,0.04,10,4,False,False
48,frame_0295.jpg,118.0,0.5663,0.6035,0.4286,0.68,6,3,False,False
49,frame_0125.jpg,50.0,0.5598,0.5745,0.4286,0.72,6,3,False,False
50,frame_0397.jpg,158.8,0.5594,0.8674,0.2857,0.2,12,2,False,False
51,frame_0309.jpg,123.6,0.5591,0.7274,0.5714,0.12,7,4,False,False
52,frame_0199.jpg,79.6,0.5529,0.828,0.1429,0.48,1,1,False,False
53,frame_0180.jpg,72.0,0.5514,0.6422,0.7143,0.08,6,5,False,False
54,frame_0029.jpg,11.6,0.5512,0.531,0.2857,1.0,6,2,False,False
55,frame_0105.jpg,42.0,0.5511,0.813,0.4286,0.08,8,3,False,False
56,frame_0186.jpg,74.4,0.5506,0.7424,0.5714,0.04,12,4,False,False
57,frame_0167.jpg,66.8,0.5483,0.6852,0.2857,0.6,7,2,False,False
58,frame_0384.jpg,153.6,0.5482,0.7752,0.4286,0.16,12,3,False,False
59,frame_0229.jpg,91.6,0.5449,0.6292,0.7143,0.08,9,5,False,False
60,frame_0127.jpg,50.8,0.5442,0.597,0.2857,0.8,8,2,False,False
61,frame_0193.jpg,77.2,0.543,0.6472,0.5714,0.24,8,4,False,False
62,frame_0287.jpg,114.8,0.5423,0.5554,0.4286,0.68,6,3,False,False
63,frame_0194.jpg,77.6,0.5422,0.6295,0.5714,0.28,6,4,False,False
64,frame_0028.jpg,11.2,0.5407,0.5099,0.2857,1.0,8,2,False,False
65,frame_0298.jpg,119.2,0.5406,0.6001,0.4286,0.56,6,3,False,False
66,frame_0286.jpg,114.4,0.54,0.5668,0.4286,0.64,8,3,False,False
67,frame_0230.jpg,92.0,0.5392,0.6875,0.5714,0.12,11,4,False,False
68,frame_0211.jpg,84.4,0.5389,0.5647,0.4286,0.64,3,3,False,False
69,frame_0168.jpg,67.2,0.5352,0.675,0.2857,0.56,7,2,False,False
70,frame_0290.jpg,116.0,0.5326,0.5738,0.2857,0.8,8,2,False,False
71,frame_0001.jpg,0.4,0.531,0.4906,0.2857,1.0,9,2,False,False
72,frame_0171.jpg,68.4,0.5303,0.5418,0.5714,0.44,6,4,False,False
73,frame_0071.jpg,28.4,0.5298,0.4881,0.2857,1.0,7,2,False,False
74,frame_0200.jpg,80.0,0.5282,0.677,0.2857,0.52,2,2,False,False
75,frame_0223.jpg,89.2,0.5279,0.5633,0.7143,0.16,10,5,False,False
76,frame_0000.jpg,0.0,0.5276,0.6552,0.0,1.0,10,0,False,False
77,frame_0172.jpg,68.8,0.5266,0.636,0.4286,0.4,9,3,False,False
78,frame_0294.jpg,117.6,0.5251,0.5908,0.2857,0.72,5,2,False,False
79,frame_0203.jpg,81.2,0.5237,0.5343,0.4286,0.64,3,3,False,False
80,frame_0279.jpg,111.6,0.5229,0.6447,0.4286,0.36,6,3,False,False
81,frame_0213.jpg,85.2,0.5209,0.5606,0.4286,0.56,4,3,False,False
82,frame_0003.jpg,1.2,0.5189,0.4664,0.2857,1.0,7,2,False,False
83,frame_0301.jpg,120.4,0.5177,0.6022,0.4286,0.44,9,3,False,False
84,frame_0302.jpg,120.8,0.5163,0.6154,0.4286,0.4,7,3,False,False
85,frame_0385.jpg,154.0,0.5162,0.6952,0.4286,0.2,14,3,False,False
86,frame_0315.jpg,126.0,0.516,0.6411,0.5714,0.12,9,4,False,False
87,frame_0327.jpg,130.8,0.5153,0.6718,0.5714,0.04,11,4,False,False
88,frame_0325.jpg,130.0,0.5151,0.6713,0.5714,0.04,7,4,False,False
89,frame_0102.jpg,40.8,0.5137,0.6365,0.5714,0.12,6,4,False,False
90,frame_0018.jpg,7.2,0.5128,0.4542,0.2857,1.0,5,2,False,False
91,frame_0068.jpg,27.2,0.5118,0.4522,0.2857,1.0,6,2,False,False
92,frame_0231.jpg,92.4,0.509,0.7826,0.2857,0.16,11,2,False,False
93,frame_0372.jpg,148.8,0.5084,0.6259,0.5714,0.12,11,4,False,False
94,frame_0169.jpg,67.6,0.5081,0.6368,0.2857,0.52,7,2,False,False
95,frame_0008.jpg,3.2,0.504,0.608,0.0,1.0,3,0,False,False
96,frame_0208.jpg,83.2,0.5036,0.6175,0.1429,0.76,3,1,False,False
97,frame_0115.jpg,46.0,0.5019,0.533,0.5714,0.32,7,4,False,False
98,frame_0129.jpg,51.6,0.5008,0.5638,0.1429,0.88,6,1,False,False
99,frame_0015.jpg,6.0,0.4982,0.5106,0.1429,1.0,5,1,False,False
100,frame_0277.jpg,110.8,0.497,0.7106,0.2857,0.28,8,2,False,False
101,frame_0293.jpg,117.2,0.4965,0.5175,0.2857,0.76,5,2,False,False
102,frame_0396.jpg,158.4,0.4961,0.671,0.4286,0.16,8,3,False,False
103,frame_0308.jpg,123.2,0.4951,0.669,0.4286,0.16,6,3,False,False
104,frame_0221.jpg,88.4,0.4936,0.5484,0.5714,0.24,5,4,False,False
105,frame_0374.jpg,149.6,0.4928,0.7341,0.2857,0.2,10,2,False,False
106,frame_0284.jpg,113.6,0.4921,0.5888,0.2857,0.56,6,2,False,False
107,frame_0310.jpg,124.0,0.4898,0.6047,0.5714,0.08,7,4,False,False
108,frame_0321.jpg,128.4,0.4896,0.642,0.4286,0.2,10,3,False,False
109,frame_0399.jpg,159.6,0.4878,0.6064,0.4286,0.28,7,3,False,False
110,frame_0006.jpg,2.4,0.4848,0.4839,0.1429,1.0,5,1,False,False
111,frame_0084.jpg,33.6,0.4839,0.4707,0.4286,0.6,5,3,False,False
112,frame_0081.jpg,32.4,0.4838,0.5081,0.2857,0.72,7,2,False,False
113,frame_0118.jpg,47.2,0.4817,0.616,0.2857,0.44,4,2,False,False
114,frame_0007.jpg,2.8,0.4816,0.4775,0.1429,1.0,6,1,False,False
115,frame_0212.jpg,84.8,0.4795,0.5475,0.2857,0.6,2,2,False,False
116,frame_0297.jpg,118.8,0.4781,0.6305,0.1429,0.6,6,1,False,False
117,frame_0292.jpg,116.8,0.4734,0.4554,0.2857,0.8,6,2,False,False
118,frame_0116.jpg,46.4,0.4731,0.6308,0.2857,0.36,8,2,False,False
119,frame_0027.jpg,10.8,0.4712,0.371,0.2857,1.0,5,2,False,False
120,frame_0316.jpg,126.4,0.4701,0.7048,0.2857,0.16,9,2,False,False
121,frame_0019.jpg,7.6,0.47,0.4543,0.1429,1.0,3,1,False,False
122,frame_0283.jpg,113.2,0.4686,0.6434,0.1429,0.52,6,1,False,False
123,frame_0276.jpg,110.4,0.4657,0.664,0.2857,0.24,8,2,False,False
124,frame_0318.jpg,127.2,0.4613,0.6551,0.2857,0.24,8,2,False,False
125,frame_0076.jpg,30.4,0.4612,0.3829,0.2857,0.92,9,2,False,False
126,frame_0280.jpg,112.0,0.4598,0.6738,0.1429,0.4,6,1,False,False
127,frame_0131.jpg,52.4,0.4594,0.4491,0.1429,0.96,6,1,False,False
128,frame_0022.jpg,8.8,0.4578,0.3442,0.2857,1.0,6,2,False,False
129,frame_0177.jpg,70.8,0.4578,0.7499,0.1429,0.2,6,1,False,False
130,frame_0314.jpg,125.6,0.4572,0.6252,0.4286,0.08,6,3,False,False
131,frame_0103.jpg,41.2,0.4532,0.5852,0.4286,0.16,6,3,False,False
132,frame_0079.jpg,31.6,0.4495,0.5789,0.0,0.8,8,0,False,False
133,frame_0275.jpg,110.0,0.4484,0.5596,0.4286,0.2,8,3,False,False
134,frame_0097.jpg,38.8,0.4481,0.6071,0.4286,0.08,9,3,False,False
135,frame_0205.jpg,82.0,0.4479,0.6079,0.0,0.72,2,0,False,False
136,frame_0085.jpg,34.0,0.4468,0.4982,0.2857,0.56,6,2,False,False
137,frame_0181.jpg,72.4,0.4464,0.534,0.5714,0.04,6,4,False,False
138,frame_0032.jpg,12.8,0.4462,0.3209,0.2857,1.0,7,2,False,False
139,frame_0207.jpg,82.8,0.4462,0.4009,0.2857,0.8,3,2,False,False
140,frame_0210.jpg,84.0,0.4459,0.534,0.1429,0.68,4,1,False,False
141,frame_0120.jpg,48.0,0.4446,0.424,0.4286,0.52,5,3,False,False
142,frame_0368.jpg,147.2,0.441,0.6945,0.2857,0.04,9,2,False,False
143,frame_0395.jpg,158.0,0.4407,0.662,0.2857,0.12,6,2,False,False
144,frame_0209.jpg,83.6,0.4394,0.5051,0.1429,0.72,3,1,False,False
145,frame_0367.jpg,146.8,0.4359,0.7541,0.1429,0.08,9,1,False,False
146,frame_0299.jpg,119.6,0.4358,0.4922,0.2857,0.52,9,2,False,False
147,frame_0389.jpg,155.6,0.4358,0.6522,0.2857,0.12,8,2,False,False
148,frame_0222.jpg,88.8,0.4354,0.5336,0.4286,0.2,6,3,False,False
149,frame_0278.jpg,111.2,0.4347,0.6556,0.1429,0.32,9,1,False,False
150,frame_0268.jpg,107.2,0.4328,0.5764,0.4286,0.08,5,3,False,False
151,frame_0096.jpg,38.4,0.4327,0.5602,0.4286,0.12,8,3,False,False
152,frame_0098.jpg,39.2,0.4324,0.6774,0.2857,0.04,8,2,False,False
153,frame_0202.jpg,80.8,0.4308,0.4501,0.2857,0.6,5,2,False,False
154,frame_0375.jpg,150.0,0.4304,0.695,0.1429,0.2,9,1,False,False
155,frame_0188.jpg,75.2,0.4303,0.7589,0.1429,0.04,11,1,False,False
156,frame_0091.jpg,36.4,0.4273,0.4694,0.4286,0.32,5,3,False,False
157,frame_0113.jpg,45.2,0.4237,0.5799,0.2857,0.24,5,2,False,False
158,frame_0014.jpg,5.6,0.4225,0.445,0.0,1.0,5,0,False,False
159,frame_0390.jpg,156.0,0.4209,0.6384,0.2857,0.08,10,2,False,False
160,frame_0304.jpg,121.6,0.4207,0.542,0.2857,0.32,10,2,False,False
161,frame_0017.jpg,6.8,0.4202,0.3547,0.1429,1.0,7,1,False,False
162,frame_0109.jpg,43.6,0.419,0.6346,0.2857,0.08,10,2,False,False
163,frame_0300.jpg,120.0,0.4183,0.3874,0.4286,0.48,8,3,False,False
164,frame_0322.jpg,128.8,0.4141,0.5928,0.2857,0.16,10,2,False,False
165,frame_0026.jpg,10.4,0.4134,0.4269,0.0,1.0,6,0,False,False
166,frame_0382.jpg,152.8,0.4131,0.6227,0.2857,0.08,8,2,False,False
167,frame_0170.jpg,68.0,0.4089,0.6257,0.0,0.48,6,0,False,False
168,frame_0106.jpg,42.4,0.4075,0.7133,0.1429,0.04,8,1,False,False
169,frame_0130.jpg,52.0,0.4042,0.4405,0.0,0.92,4,0,False,False
170,frame_0004.jpg,1.6,0.4014,0.4029,0.0,1.0,6,0,False,False
171,frame_0184.jpg,73.6,0.4012,0.599,0.2857,0.08,6,2,False,False
172,frame_0383.jpg,153.2,0.4003,0.5812,0.2857,0.12,10,2,False,False
173,frame_0082.jpg,32.8,0.3996,0.3558,0.2857,0.68,6,2,False,False
174,frame_0219.jpg,87.6,0.3977,0.4959,0.2857,0.32,7,2,False,False
175,frame_0306.jpg,122.4,0.397,0.4408,0.4286,0.24,8,3,False,False
176,frame_0228.jpg,91.2,0.3966,0.5201,0.4286,0.04,5,3,False,False
177,frame_0394.jpg,157.6,0.396,0.5029,0.4286,0.08,8,3,False,False
178,frame_0083.jpg,33.2,0.3958,0.4499,0.1429,0.64,7,1,False,False
179,frame_0233.jpg,93.2,0.3952,0.523,0.2857,0.24,8,2,False,False
180,frame_0090.jpg,36.0,0.3939,0.4723,0.2857,0.36,9,2,False,False
181,frame_0095.jpg,38.0,0.3898,0.5441,0.2857,0.16,6,2,False,False
182,frame_0195.jpg,78.0,0.3896,0.5655,0.1429,0.32,3,1,False,False
183,frame_0201.jpg,80.4,0.3896,0.3837,0.2857,0.56,4,2,False,False
184,frame_0373.jpg,149.2,0.3873,0.5392,0.2857,0.16,8,2,False,False
185,frame_0330.jpg,132.0,0.3825,0.5776,0.2857,0.04,9,2,False,False
186,frame_0269.jpg,107.6,0.3824,0.5773,0.2857,0.04,10,2,False,False
187,frame_0267.jpg,106.8,0.3818,0.5442,0.2857,0.12,5,2,False,False
188,frame_0174.jpg,69.6,0.3805,0.5472,0.1429,0.32,7,1,False,False
189,frame_0179.jpg,71.6,0.3794,0.5394,0.2857,0.12,7,2,False,False
190,frame_0320.jpg,128.0,0.3772,0.487,0.2857,0.24,7,2,False,False
191,frame_0271.jpg,108.4,0.3753,0.4774,0.4286,0.04,6,3,False,False
192,frame_0196.jpg,78.4,0.375,0.4346,0.2857,0.36,3,2,False,False
193,frame_0323.jpg,129.2,0.3748,0.5302,0.2857,0.12,7,2,False,False
194,frame_0329.jpg,131.6,0.3727,0.542,0.2857,0.08,10,2,False,False
195,frame_0010.jpg,4.0,0.3694,0.3387,0.0,1.0,2,0,False,False
196,frame_0226.jpg,90.4,0.3681,0.5487,0.2857,0.04,6,2,False,False
197,frame_0289.jpg,115.6,0.3678,0.3458,0.1429,0.76,6,1,False,False
198,frame_0232.jpg,92.8,0.363,0.5602,0.1429,0.2,10,1,False,False
199,frame_0192.jpg,76.8,0.3628,0.4742,0.2857,0.2,6,2,False,False
200,frame_0119.jpg,47.6,0.3621,0.4464,0.1429,0.48,6,1,False,False
201,frame_0094.jpg,37.6,0.3598,0.5538,0.1429,0.2,7,1,False,False
202,frame_0303.jpg,121.2,0.3598,0.4899,0.1429,0.36,8,1,False,False
203,frame_0204.jpg,81.6,0.3593,0.3608,0.1429,0.68,3,1,False,False
204,frame_0108.jpg,43.2,0.3587,0.53,0.2857,0.04,9,2,False,False
205,frame_0104.jpg,41.6,0.357,0.4945,0.2857,0.12,8,2,False,False
206,frame_0381.jpg,152.4,0.355,0.5226,0.2857,0.04,8,2,False,False
207,frame_0070.jpg,28.0,0.3547,0.3093,0.0,1.0,7,0,False,False
208,frame_0198.jpg,79.2,0.3527,0.4437,0.1429,0.44,2,1,False,False
209,frame_0190.jpg,76.0,0.3512,0.3972,0.4286,0.12,5,3,False,False
210,frame_0185.jpg,74.0,0.3491,0.5805,0.1429,0.08,8,1,False,False
211,frame_0093.jpg,37.2,0.3481,0.4288,0.2857,0.24,5,2,False,False
212,frame_0324.jpg,129.6,0.348,0.4925,0.2857,0.08,6,2,False,False
213,frame_0206.jpg,82.4,0.3479,0.306,0.1429,0.76,6,1,False,False
214,frame_0087.jpg,34.8,0.3469,0.4161,0.1429,0.48,6,1,False,False
215,frame_0191.jpg,76.4,0.3442,0.453,0.2857,0.16,5,2,False,False
216,frame_0197.jpg,78.8,0.3418,0.4379,0.1429,0.4,2,1,False,False
217,frame_0121.jpg,48.4,0.3402,0.4564,0.0,0.56,4,0,False,False
218,frame_0332.jpg,132.8,0.3386,0.5755,0.1429,0.04,7,1,False,False
219,frame_0333.jpg,133.2,0.3372,0.5566,0.1429,0.08,7,1,False,False
220,frame_0220.jpg,88.0,0.3364,0.475,0.1429,0.28,4,1,False,False
221,frame_0178.jpg,71.2,0.3351,0.4347,0.2857,0.16,7,2,False,False
222,frame_0282.jpg,112.8,0.3329,0.388,0.1429,0.48,10,1,False,False
223,frame_0117.jpg,46.8,0.3322,0.4187,0.1429,0.4,6,1,False,False
224,frame_0110.jpg,44.0,0.3315,0.3579,0.4286,0.12,5,3,False,False
225,frame_0215.jpg,86.0,0.3302,0.3826,0.1429,0.48,5,1,False,False
226,frame_0173.jpg,69.2,0.3298,0.4298,0.1429,0.36,8,1,False,False
227,frame_0285.jpg,114.0,0.329,0.418,0.0,0.6,7,0,False,False
228,frame_0023.jpg,9.2,0.3227,0.2454,0.0,1.0,6,0,False,False
229,frame_0371.jpg,148.4,0.3132,0.5086,0.1429,0.08,11,1,False,False
230,frame_0398.jpg,159.2,0.313,0.3586,0.2857,0.24,8,2,False,False
231,frame_0225.jpg,90.0,0.3108,0.5039,0.1429,0.08,6,1,False,False
232,frame_0311.jpg,124.4,0.3097,0.5176,0.1429,0.04,7,1,False,False
233,frame_0123.jpg,49.2,0.3041,0.3521,0.0,0.64,6,0,False,False
234,frame_0376.jpg,150.4,0.3038,0.5436,0.0,0.16,8,0,False,False
235,frame_0214.jpg,85.6,0.3011,0.3942,0.0,0.52,4,0,False,False
236,frame_0393.jpg,157.2,0.2965,0.4056,0.2857,0.04,9,2,False,False
237,frame_0101.jpg,40.4,0.2956,0.3878,0.2857,0.08,5,2,False,False
238,frame_0024.jpg,9.6,0.2922,0.1844,0.0,1.0,3,0,False,False
239,frame_0281.jpg,112.4,0.2911,0.2347,0.2857,0.44,5,2,False,False
240,frame_0088.jpg,35.2,0.2878,0.3997,0.0,0.44,8,0,False,False
241,frame_0122.jpg,48.8,0.2878,0.3356,0.0,0.6,8,0,False,False
242,frame_0217.jpg,86.8,0.2858,0.3259,0.1429,0.4,4,1,False,False
243,frame_0273.jpg,109.2,0.2765,0.4192,0.1429,0.12,9,1,False,False
244,frame_0317.jpg,126.8,0.2743,0.4687,0.0,0.2,7,0,False,False
245,frame_0025.jpg,10.0,0.2726,0.1451,0.0,1.0,2,0,False,False
246,frame_0272.jpg,108.8,0.2699,0.5077,0.0,0.08,6,0,False,False
247,frame_0183.jpg,73.2,0.2641,0.4265,0.1429,0.04,7,1,False,False
248,frame_0100.jpg,40.0,0.2542,0.4066,0.1429,0.04,6,1,False,False
249,frame_0189.jpg,75.6,0.2468,0.3759,0.1429,0.08,4,1,False,False
250,frame_0092.jpg,36.8,0.246,0.2943,0.1429,0.28,4,1,False,False
251,frame_0216.jpg,86.4,0.2386,0.2155,0.1429,0.44,5,1,False,False
252,frame_0218.jpg,87.2,0.2269,0.3099,0.0,0.36,5,0,False,False
253,frame_0111.jpg,44.4,0.2148,0.2799,0.1429,0.16,5,1,False,False
254,frame_0313.jpg,125.2,0.1898,0.3636,0.0,0.04,4,0,False,False
255,frame_0112.jpg,44.8,0.1465,0.2129,0.0,0.2,4,0,False,False
256,frame_0224.jpg,89.6,0.119,0.19,0.0,0.12,7,0,False,False
